role,units,params,mode,seed,p_L,best_val_loss,epochs_ran,agree_ambiguous,tag
teacher,140,69441,hard,0,0.008308,0.02413,23,,gruc_p004_teacher_u140_hard_seed0_ntr10000000
teacher,140,69441,hard,1,0.008136,0.02419,25,,gruc_p004_teacher_u140_hard_seed1_ntr10000000
teacher,140,69441,hard,2,0.008434,0.02459,21,,gruc_p004_teacher_u140_hard_seed2_ntr10000000
student,70,20021,distill,0,0.008501,0.02897,50,0.84029,gruc_p004_student_u70_distill_seed0_ntr10000000
student,70,20021,distill,1,0.008658,0.02945,41,0.83798,gruc_p004_student_u70_distill_seed1_ntr10000000
student,70,20021,distill,2,0.008216,0.02898,50,0.84249,gruc_p004_student_u70_distill_seed2_ntr10000000
student,70,20021,hard,0,0.008203,0.02422,35,,gruc_p004_student_u70_hard_seed0_ntr10000000
student,70,20021,hard,1,0.009361,0.02638,26,,gruc_p004_student_u70_hard_seed1_ntr10000000
student,70,20021,hard,2,0.008585,0.02511,34,,gruc_p004_student_u70_hard_seed2_ntr10000000
student,46,9845,distill,0,0.010102,0.03321,50,0.80522,gruc_p004_student_u46_distill_seed0_ntr10000000
student,46,9845,distill,1,0.009864,0.03298,50,0.80921,gruc_p004_student_u46_distill_seed1_ntr10000000
student,46,9845,distill,2,0.010033,0.03175,50,0.81008,gruc_p004_student_u46_distill_seed2_ntr10000000
student,46,9845,hard,0,0.009872,0.02825,50,,gruc_p004_student_u46_hard_seed0_ntr10000000
student,46,9845,hard,1,0.009938,0.02853,50,,gruc_p004_student_u46_hard_seed1_ntr10000000
student,46,9845,hard,2,0.009831,0.02784,50,,gruc_p004_student_u46_hard_seed2_ntr10000000
student,34,6053,distill,0,0.012049,0.03813,50,0.77573,gruc_p004_student_u34_distill_seed0_ntr10000000
student,34,6053,distill,1,0.011079,0.03591,50,0.79007,gruc_p004_student_u34_distill_seed1_ntr10000000
student,34,6053,distill,2,0.012313,0.03852,50,0.77612,gruc_p004_student_u34_distill_seed2_ntr10000000
student,34,6053,hard,0,0.011842,0.03369,50,,gruc_p004_student_u34_hard_seed0_ntr10000000
student,34,6053,hard,1,0.010788,0.03049,50,,gruc_p004_student_u34_hard_seed1_ntr10000000
student,34,6053,hard,2,0.011708,0.03273,50,,gruc_p004_student_u34_hard_seed2_ntr10000000
